" BOARD OF REGENTS OF THE "," "
" BOARD OF REGENTS OF "," "
" BOARD OF REGENTS "," "
" REGENTS OF THE "," "
" REGENTS OF "," "
" REGENTS "," "
" BOARD OF TRUSTEES OF THE "," "
" BOARD OF TRUSTEES OF "," "
" BOARD OF TRUSTEES OPERATING "," "
" BOARD OF TRUSTEES "," "
" TRUSTEES OF THE "," "
" TRUSTEES OF "," "
" TRUSTEES "," "
" BOARD OF SUPERVISORS OF THE "," "
" BOARD OF SUPERVISORS OF "," "
" BOARD OF SUPERVISORS "," "
" SUPERVISORS OF THE "," "
" SUPERVISORS OF "," "
" SUPERVISORS "," "
" BOARD OF GOVERNORS OF THE "," "
" BOARD OF GOVERNORS OF "," "
" BOARD OF GOVERNORS "," "
" GOVERNORS OF THE "," "
" GOVERNORS OF "," "
" GOVERNORS "," "
" CURATORS OF THE "," "
" CURATORS "," "
" THE "," "