" LTD "," "
" CO LTD "," "
" TRADING LTD "," "
" CORP "," "
" INTL "," "
" INC "," "
" PLC "," "
" SPA "," "
" CLA "," "
" LLP "," "
" LLC "," "
" AIS "," "
" INVESTMENTS "," "
" PARTNERSHIP "," "
" & CO "," "
" CO "," "
" COS "," "
" CP "," "
" LP "," "
" BLSA "," "
" GROUP "," "
" SA "," "
" SARL "," "
" SAS "," "
" EURL "," "
" ETCIE "," "
" ET CIE "," "
" CIE "," "
" GIE "," "
" SC "," "
" SNC "," "
" SP "," "
" SCS "," "
" GMBHCOKG "," "
" EGENOSSENSCHAFT "," "
" GMBHCO "," "
" COGMBH "," "
" GESMBH "," "
" GMBH "," "
" KGAA "," "
" KG "," "
" AG "," "
" EG "," "
" GMBHCOKGAA "," "
" MIT "," "
" OHG "," "
" GRUPPE "," "
" GBR "," "
" SL "," "
" SA "," "
" SC "," "
" SRL "," "
" ESPANA "," "
" SA "," "
" SAS "," "
" SNC "," "
" SPA "," "
" SRL "," "
" AB "," "
" HB "," "
" KB "," "
" SAS "," "
" SA "," "
" SARL "," "
" SARLU "," "
" SAS "," "
" SASU "," "
" EURL "," "
" ETCIE "," "
" CIE "," "
" GIE "," "
" SC "," "
" SNC "," "
" SP "," "
" SCS "," "
" BV "," "
" CVA "," "
" SCA "," "
" SPRL "," "
" SCS "," "
" SA "," "
" SPRL "," "
" AMBA "," "
" APS "," "
" AS "," "
" IS "," "
" KAS "," "
" KS "," "
" PF "," "
" AL "," "
" ANS "," "
" AS "," "
" ASA "," "
" DA "," "
" KS "," "
" BV "," "
" CV "," "
" CVOA "," "
" NV "," "
" VOF "," "
" AB "," "
" APB "," "
" KB "," "
" KY "," "
" OY "," "
" OYJ "," "
" OYJ AB "," "
" OY AB "," "
" LTD "," "
" PLC "," "
" INC "," "
" SA "," "
" SC "," "
" SK "," "
" SPZOO "," "
" AE "," "
" EE "," "
" EPE "," "
" OE "," "
" SA "," "
" LTD "," "
" PLC "," "
" INC "," "
" AS "," "
" KS "," "
" SRO "," "
" VOS "," "
" AD "," "
" KD "," "
" KDA "," "
" OCD "," "
" KOOP "," "
" DF "," "
" EOOD "," "
" EAD "," "
" OOD "," "
" KOOD "," "
" ET "," "
" KOGYO KK "," "
" KK "," "
