"indiv"," GEB "
"indiv"," DECEASED "
"indiv"," DECEDE "
"indiv"," DESEASED "
"indiv"," DIPL "
"indiv"," DIPL BETRIEBSWIRT "
"indiv"," DIPL CHEM "
"indiv"," DIPL GEOGR "
"indiv"," DIPL ING "
"indiv"," DIPL ING "
"indiv"," DIPL PHYS "
"indiv"," DIPL PHYS "
"indiv"," DIPL WIRTSCH ING "
"indiv"," DOTT ING "
"indiv"," DR "
"indiv"," EPOSE "
"indiv"," EPOUSE "
"indiv"," EPSE "
"indiv"," GEBOREN "
"indiv"," GEBORENE "
"indiv"," GES VERTRETEN DURCH "
"indiv"," GRAD "
"indiv"," HERITIERE "
"indiv"," ING "
"indiv"," ING GRAD "
"indiv"," ING DIPL "
"indiv"," JR "
"indiv"," LA SUCCESSION "
"indiv"," LEGAL "
"indiv"," LEGALLY REPR "
"indiv"," LEGALLY REPRESENTED "
"indiv"," LEGALY REPRESENTED BY "
"indiv"," NEE "
"indiv"," PHD "
"indiv"," PROF "
"indiv"," REPRESENTATIVE OF "
"indiv"," REPRESENTEE PAR SON LEGAL "
"indiv"," VERSTORBEN "
"indiv"," VERSTORBEN ERFINDERS "
"indiv"," VERSTORBENEN ERFINDERS "
"indiv"," VERTRETEN DURCH "
"govt"," NAT RES COUNCIL "
"govt"," NAT RES INST "
"govt"," NAT SCI COUNCIL "
"govt"," NAT SCI INST "
"govt"," AGENCY "
"govt"," STATE OF "
"govt"," US ADMIN "
"govt"," ADMINISTRATOR "
"govt"," COMMISSIONER OF PATENTS "
"govt"," US DEPT "
"govt"," US SEC "
"govt"," UK SEC FOR "
"govt"," UK "
"govt"," COMMONWEALTH "
"govt"," MIN OF "
"govt"," MIN FOR "
"govt"," LETAT FR REPRESENTE "
"govt"," LA POSTE "
"govt"," ADMINISTRATOR "
"govt"," AGENCE "
"govt"," AGENCY "
"govt"," AMMINISTRAZIONE "
"govt"," AMMINISTRAZIONE "
"govt"," AUTHORITY "
"govt"," BOTANICAL GARDEN "
"govt"," BUNDESANSTALT "
"govt"," BUNDESREPUBLIK "
"govt"," CHAMBRE "
"govt"," CITY "
"govt"," COMISSARIAT "
"govt"," COMMISARIAT "
"govt"," COMMISSARAIT "
"govt"," COMMISSARAT "
"govt"," COMMISSARIAT "
"govt"," COMMISSARIET "
"govt"," COMMISSION "
"govt"," COMMISSRIAT "
"govt"," COMMONWEALTH "
"govt"," COMMUNAUTE "
"govt"," CONFEDERATED TRIBES "
"govt"," COOUNCIL OF "
"govt"," COUCIL OF "
"govt"," COUNCIL "
"govt"," COUNSEL OF "
"govt"," COUNTY "
"govt"," DEN PRAESIDENTEN "
"govt"," DEPARTMENT OF AGRICULTURE "
"govt"," DETAT "
"govt"," ETAT "
"govt"," GERMANY "
"govt"," GEZONDHEIDSDIENST "
"govt"," GOUVERNEMENT "
"govt"," GOUVERNMENT "
"govt"," GOVERNER "
"govt"," GOVERNMENT "
"govt"," GOVERNOR "
"govt"," HER MAJESTY "
"govt"," KEN "
"govt"," LETAT "
"govt"," MINISTER "
"govt"," MINISTERO "
"govt"," MINISTRE "
"govt"," MINISTRI "
"govt"," MINISTRO "
"govt"," MINISTRY "
"govt"," MUNICIPAL UTILITY DISTRICT "
"govt"," NACIONAL "
"govt"," NATIONAL "
"govt"," NAZIONALE "
"govt"," POLICE "
"govt"," PREFECTURE "
"govt"," PRESIDENZA DEL CONSIGLIO DEI MINISTRI "
"govt"," PRESIDENZADEL CONSIGLIO DEL MINISTRI "
"govt"," REPUBLIC "
"govt"," RESEARCH COUNCIL "
"govt"," SECRETARIAT "
"govt"," SECRETARY "
"govt"," STAAT "
"govt"," STADT "
"govt"," STATE "
"govt"," STATO "
"govt"," THE QUEEN "
"govt"," VILLE "
"govt"," CNRS "
"govt"," CENT NAT DE LA RECH "
"govt"," CENT NAT DETUDES SPATIALES "
"govt"," DESY "
"univ"," ACADEM"
"univ"," ACAD "
"univ"," AKAD "
"univ"," COLLEGE "
"univ"," CURATORS "
"univ"," ECOLE "
"univ"," FACULTE "
"univ"," INST OF TECH "
"univ"," INST OF TECH"
"univ"," INSTITUTE OF TECHNOLOGY "
"univ"," INTERNUIVERSITAIR "
"univ"," INTERUNIVERITAIR "
"univ"," POLITEC "
"univ"," POLYTEC "
"univ"," REGENTS "
"univ"," RIJKSUNIVERSTTEIT "
"univ"," SCHOOL "
"univ"," SCHULE "
"univ"," SUPERVISORS "
"univ"," TRUSTEES "
"univ"," UMIVERSIDAD "
"univ"," UNIV "
"univ"," UNIVERISITY "
"univ"," UNIVERISTY "
"univ"," UNIVERSATIES "
"univ"," UNIVERSI"
"univ"," UNIVERSTIA "
"univ"," UNIVERSTITAT "
"univ"," UNIVERSTITAET "
"univ"," UNIVERSTITY "
"univ"," UNIVERSTIY "
"univ"," UNIVERSY "
"univ"," UNIVERZ "
"univ"," UNVERSITY "
"univ"," KU LEUVEN "
"inst"," RESEARCH COUNCIL "
"inst"," RES COUNCIL "
"inst"," FRAUNHOFER GES "
"inst"," MAX PLANCK GES "
"inst"," ASBL "
"inst"," ASOCIACION "
"inst"," ASSOCIATION "
"inst"," ASSOCIAZIONE "
"inst"," BLOOD "
"inst"," BLOOD CENTER "
"inst"," BLOOD SERVICES "
"inst"," BLOOD TRANSFUSION SERVICE "
"inst"," CHURCH "
"inst"," COOPERATIVE "
"inst"," E V "
"inst"," EV "
"inst"," FEDERATION "
"inst"," FONDATION "
"inst"," FONDATIONE "
"inst"," FOUNDATION "
"inst"," FORSKNINGSINSTITUT "
"inst"," FUNDACAO "
"inst"," FUNDACIO "
"inst"," FUNDACION "
"inst"," FUNDATION "
"inst"," INDUSTRIAL TECHNOLOGY RESEARCH "
"inst"," INSITUT "
"inst"," INSITUTE "
"inst"," INSTIT "
"inst"," INSTYTUT "
"inst"," INSTYTUT "
"inst"," INTITUTE "
"inst"," ISTITUTO "
"inst"," KENKYUSHO "
"inst"," MINISTRIES "
"inst"," SOCIETY "
"inst"," STICHTING "
"inst"," STIFTELSE "
"inst"," STIFTUNG "
"inst"," TRANSFUSION "
"inst"," TRANSFUSION SANGUINE "
"inst"," TRUST "
"inst"," VERENINING "
"inst"," VZW "
"hosp"," AMTS SYGEHUS "
"hosp"," AMTSSYGEHUS "
"hosp"," BOLNHITSA "
"hosp"," BOLNISN "
"hosp"," BOLNITSA "
"hosp"," BOLNYITSA "
"hosp"," CENTRE "
"hosp"," CLINIC "
"hosp"," CLINICA "
"hosp"," CLINIQUE "
"hosp"," HAIGLA "
"hosp"," HOPITAL "
"hosp"," HOPITAUX "
"hosp"," HOPSITAL "
"hosp"," HOSITAL "
"hosp"," HOSP "
"hosp"," HOSPIDAL "
"hosp"," HOSPITAL "
"hosp"," HOSPITALARIO "
"hosp"," HOSPITALET "
"hosp"," HOSPITAUX "
"hosp"," KESKUSSAIRAALA "
"hosp"," KLIINIK "
"hosp"," KLINIK "
"hosp"," KLINIKA "
"hosp"," KLINIKKA "
"hosp"," KLINIKUM "
"hosp"," KORHAZ "
"hosp"," KRANKENHAUS "
"hosp"," LHOSPTALET "
"hosp"," LIGONINE "
"hosp"," MEDICAL CENTER "
"hosp"," NEMOCNICA "
"hosp"," NEMOCNICE "
"hosp"," NOSOCOMIO "
"hosp"," NOSOKOMIO "
"hosp"," OSPEDALE "
"hosp"," OSPETALE "
"hosp"," OSPITALIERI "
"hosp"," POLICLINICA "
"hosp"," POLICLINICO "
"hosp"," POLIKLINIK "
"hosp"," SAIRAALA "
"hosp"," SJUKHUS "
"hosp"," SJUKHUSET "
"hosp"," SLIMNICA "
"hosp"," SPITAL "
"hosp"," STACIONARS "
"hosp"," STANICA "
"hosp"," STREDISKO "
"hosp"," SYGEHUS "
"hosp"," SYGEHUSET "
"hosp"," SYKEHUS "
"hosp"," SZPITAL "
"hosp"," UNIVERSITAETSKLINIK "
"hosp"," ZIEKENHUIS "
"hosp"," CITY OF HOPE "
"firm"," & BRO "
"firm"," & BROTHER "
"firm"," & C "
"firm"," & CIE "
"firm"," & CO "
"firm"," & FILS "
"firm"," & PARTNER "
"firm"," & SOEHNE "
"firm"," & SOHN "
"firm"," & SON "
"firm"," & SONS "
"firm"," & ZN "
"firm"," & ZONEN "
"firm"," A "
"firm"," A G "
"firm"," A RL "
"firm"," A S "
"firm"," AANSPRAKELIJKHEID "
"firm"," AB "
"firm"," ACTIEN GESELLSCHAFT "
"firm"," ACTIENGESELLSCHAFT "
"firm"," AD "
"firm"," ADVIESBUREAU "
"firm"," AE "
"firm"," AG "
"firm"," AG & CO "
"firm"," AGG "
"firm"," AGSA "
"firm"," AK TIEBOLAGET "
"firm"," AKIEBOLAG "
"firm"," AKIEBOLG "
"firm"," AKIENGESELLSCHAFT "
"firm"," AKITENGESELLSCHAFT "
"firm"," AKITIEBOLAG "
"firm"," AKLIENGISELLSCHAFT "
"firm"," AKSJESELSKAP "
"firm"," AKSJESELSKAPET "
"firm"," AKSTIEBOLAGET "
"firm"," AKTAINGESELLSCHAFT "
"firm"," AKTEIBOLAG "
"firm"," AKTEINGESELLSCHAFT "
"firm"," AKTIBOLAG "
"firm"," AKTIE BOLAGET "
"firm"," AKTIEBDAG "
"firm"," AKTIEBLOAG "
"firm"," AKTIEBOALG "
"firm"," AKTIEBOALGET "
"firm"," AKTIEBOCAG "
"firm"," AKTIEBOLAC "
"firm"," AKTIEBOLAF "
"firm"," AKTIEBOLAG "
"firm"," AKTIEBOLAGET "
"firm"," AKTIEBOLAQ "
"firm"," AKTIEBOLOG "
"firm"," AKTIEGBOLAG "
"firm"," AKTIEGESELLSCHAFT "
"firm"," AKTIEGOLAGET "
"firm"," AKTIELBOLAG "
"firm"," AKTIEN "
"firm"," AKTIEN GESELLSCHAFT "
"firm"," AKTIENBOLAG "
"firm"," AKTIENBOLAGET "
"firm"," AKTIENEGESELLSCHAFT "
"firm"," AKTIENEGSELLSCHAFT "
"firm"," AKTIENGEGESELLSCHAFT "
"firm"," AKTIENGELLSCHAFT "
"firm"," AKTIENGESCELLSCHAFT "
"firm"," AKTIENGESELL SCHAFT "
"firm"," AKTIENGESELLCHAFT "
"firm"," AKTIENGESELLESCHAFT "
"firm"," AKTIENGESELLESHAFT "
"firm"," AKTIENGESELLS "
"firm"," AKTIENGESELLSCAFT "
"firm"," AKTIENGESELLSCGAFT "
"firm"," AKTIENGESELLSCHAFT "
"firm"," AKTIENGESELLSCHART "
"firm"," AKTIENGESELLSCHATT "
"firm"," AKTIENGESELLSCHGT "
"firm"," AKTIENGESELLSCHRAFT "
"firm"," AKTIENGESELLSHAFT "
"firm"," AKTIENGESELLSHAT "
"firm"," AKTIENGESELLSHCAFT "
"firm"," AKTIENGESELSCHAFT "
"firm"," AKTIENGESESCHAFT "
"firm"," AKTIENGESILLSCHAFT "
"firm"," AKTIENGESLLSCHAFT "
"firm"," AKTIENGESSELLSCHAFT "
"firm"," AKTIENGESSELSCHAFT "
"firm"," AKTIENGSELLSCHAFT "
"firm"," AKTIENGTESELLSCHAFT "
"firm"," AKTIENRESELLSCHAFT "
"firm"," AKTIESELSKAB "
"firm"," AKTIESELSKABET "
"firm"," AKTINGESELLSCHAFT "
"firm"," AKTSIONERNAYA KOMPANIA "
"firm"," AKTSIONERNO "
"firm"," AKTSIONERNOE OBCHESTVO "
"firm"," AKTSIONERNOE OBSCHEDTVO "
"firm"," AKTSIONERNOE OBSCNESTVO "
"firm"," AKTSIONERNOE OBSHESTVO "
"firm"," AKTSIONERNOE OSBCHESTVO "
"firm"," AKTSIONERNOEOBSCHESTVO "
"firm"," ALTIENGESELLSCHAFT "
"firm"," AMBA "
"firm"," AND SONS "
"firm"," ANDELSSELSKABET "
"firm"," ANLAGENGESELLSCHAFT "
"firm"," APPARATEBAU "
"firm"," APPERATEBAU "
"firm"," ARL "
"firm"," AS "
"firm"," ASA "
"firm"," ASKTIENGESELLSCHAFT "
"firm"," ASOCIADOS "
"firm"," ASSCOIATES "
"firm"," ASSOCIADOS "
"firm"," ASSOCIATE "
"firm"," ASSOCIATED "
"firm"," ASSOCIATES "
"firm"," ASSOCIATI "
"firm"," ASSOCIATO "
"firm"," ASSOCIES "
"firm"," ASSSOCIATES "
"firm"," ATELIER "
"firm"," ATELIERS "
"firm"," ATIBOLAG "
"firm"," ATKIEBOLAG "
"firm"," ATKIENGESELLSCHAFT "
"firm"," AVV "
"firm"," B "
"firm"," BANK "
"firm"," BANQUE "
"firm"," BEDRIJF "
"firm"," BEDRIJVEN "
"firm"," BEPERK "
"firm"," BEPERKTE AANSPREEKLIJKHEID "
"firm"," BESCHRAENKTER HAFTUNG "
"firm"," BESCHRANKTER "
"firm"," BESCHRANKTER HAFTUNG "
"firm"," BESLOTENGENOOTSCHAP "
"firm"," BESLOTENVENNOOTSCHAP "
"firm"," BETRIEBE "
"firm"," BMBH "
"firm"," BRANDS "
"firm"," BROS "
"firm"," BUSINESS "
"firm"," BV "
"firm"," BV: "
"firm"," BV? "
"firm"," BVBA "
"firm"," BVBASPRL "
"firm"," BVIO "
"firm"," BVSA "
"firm"," C{OVERSCORE O}RP "
"firm"," CAMPAGNIE "
"firm"," CAMPANY "
"firm"," CC "
"firm"," CIE "
"firm"," CMOPANY "
"firm"," CO "
"firm"," CO OPERATIVE "
"firm"," CO OPERATIVES "
"firm"," CO: "
"firm"," COFP "
"firm"," COIRPORATION "
"firm"," COMANY "
"firm"," COMAPANY "
"firm"," COMERCIAL "
"firm"," COMERCIO "
"firm"," COMMANDITE SIMPLE "
"firm"," COMMERCIALE "
"firm"," COMMERCIALISATIONS "
"firm"," COMNPANY "
"firm"," COMP "
"firm"," COMPAGNE "
"firm"," COMPAGNI "
"firm"," COMPAGNIE "
"firm"," COMPAGNIN "
"firm"," COMPAGNY "
"firm"," COMPAIGNIE "
"firm"," COMPAMY "
"firm"," COMPANAY "
"firm"," COMPANH "
"firm"," COMPANHIA "
"firm"," COMPANIA "
"firm"," COMPANIE "
"firm"," COMPANIES "
"firm"," COMPANY "
"firm"," COMPAY "
"firm"," COMPNAY "
"firm"," COMAPNY "
"firm"," COMPNY "
"firm"," COMPORATION "
"firm"," CONSORTILE PER AZIONE "
"firm"," CONSORZIO "
"firm"," CONSTRUCTIONS "
"firm"," CONSULTING "
"firm"," CONZORZIO "
"firm"," COOEPERATIE "
"firm"," COOEPERATIEVE "
"firm"," COOEPERATIEVE VERENIGING "
"firm"," COOEPERATIEVE VERKOOP "
"firm"," COOP "
"firm"," COOP A RL "
"firm"," COOPERATIE "
"firm"," COOPERATIEVE "
"firm"," COOPERATIEVE VENOOTSCHAP "
"firm"," COOPERATION "
"firm"," COOPERATIVA AGICOLA "
"firm"," COOPERATIVA LIMITADA "
"firm"," COOPERATIVA PER AZIONI "
"firm"," COORPORATION "
"firm"," COPANY "
"firm"," COPORATION "
"firm"," COPR "
"firm"," COPRORATION "
"firm"," COPRPORATION "
"firm"," COROPORTION "
"firm"," COROPRATION "
"firm"," COROPROATION "
"firm"," CORORATION "
"firm"," CORP "
"firm"," CORPARATION "
"firm"," CORPERATION "
"firm"," CORPFORATION "
"firm"," CORPN "
"firm"," CORPO "
"firm"," CORPOARTION "
"firm"," CORPOATAION "
"firm"," CORPOATION "
"firm"," CORPOIRATION "
"firm"," CORPOORATION "
"firm"," CORPOPRATION "
"firm"," CORPORAATION "
"firm"," CORPORACION "
"firm"," CORPORAION "
"firm"," CORPORAITON "
"firm"," CORPORARION "
"firm"," CORPORARTION "
"firm"," CORPORATAION "
"firm"," CORPORATE "
"firm"," CORPORATED "
"firm"," CORPORATI "
"firm"," CORPORATIION "
"firm"," CORPORATIN "
"firm"," CORPORATINO "
"firm"," CORPORATINON "
"firm"," CORPORATIO "
"firm"," CORPORATIOIN "
"firm"," CORPORATIOLN "
"firm"," CORPORATIOM "
"firm"," CORPORATION "
"firm"," CORPORATIOPN "
"firm"," CORPORATITON "
"firm"," CORPORATOIN "
"firm"," CORPORDATION "
"firm"," CORPORQTION "
"firm"," CORPORTAION "
"firm"," CORPORTATION "
"firm"," CORPORTION "
"firm"," CORPPORATION "
"firm"," CORPRATION "
"firm"," CORPROATION "
"firm"," CORPRORATION "
"firm"," CROP "
"firm"," CROPORATION "
"firm"," CRPORATION "
"firm"," CV "
"firm"," D ENTERPRISES "
"firm"," D ENTREPRISE "
"firm"," D O O "
"firm"," DENTREPRISE "
"firm"," DD "
"firm"," DEVELOP "
"firm"," DEVELOPPEMENT "
"firm"," DEVELOPPEMENTS "
"firm"," DOING BUSINESS "
"firm"," DOO "
"firm"," DORPORATION "
"firm"," EDMS "
"firm"," EG "
"firm"," ELECTRONIQUE "
"firm"," EN ZN "
"firm"," EN ZONEN "
"firm"," ENGINEERING "
"firm"," ENGINEERS "
"firm"," ENGINES "
"firm"," ENNOBLISSEMENT "
"firm"," ENTERPRISE "
"firm"," ENTRE PRISES "
"firm"," ENTREPOSE "
"firm"," ENTREPRISE "
"firm"," ENTREPRISES "
"firm"," EQUIP "
"firm"," EQUIPAMENTOS "
"firm"," EQUIPEMENT "
"firm"," EQUIPEMENTS "
"firm"," EQUIPMENT "
"firm"," EST "
"firm"," ESTABILSSEMENTS "
"firm"," ESTABLISHMENT "
"firm"," ESTABLISSEMENT "
"firm"," ESTABLISSEMENTS "
"firm"," ESTABLISSMENTS "
"firm"," ET FILS "
"firm"," ETABLISSEMENT "
"firm"," ETABLISSMENTS "
"firm"," ETS "
"firm"," FABRIC "
"firm"," FABRICA "
"firm"," FABRICATION "
"firm"," FABRICATIONS "
"firm"," FABRICS "
"firm"," FABRIEKEN "
"firm"," FABRIK "
"firm"," FABRIQUE "
"firm"," FABRYKA "
"firm"," FACTORY "
"firm"," FEDERATED "
"firm"," FILM "
"firm"," FINANCIERE "
"firm"," FIRM "
"firm"," FIRMA "
"firm"," GBMH "
"firm"," GBR "
"firm"," GEBR "
"firm"," GEBROEDERS "
"firm"," GEBRUEDER "
"firm"," GENERALE POUR LES TECHNIQUES NOUVELLE "
"firm"," GENOSSENSCHAFT "
"firm"," GES M B H "
"firm"," GES MB H "
"firm"," GES MBH "
"firm"," GES MHH "
"firm"," GESELLSCHAFT "
"firm"," GESELLSCHAFT M B "
"firm"," GESELLSCHAFT MB H "
"firm"," GESELLSCHAFT MBH "
"firm"," GESELLSCHAFT MGH "
"firm"," GESELLSCHAFT MIT "
"firm"," GESELLSCHAFT MIT BESCHRANKTER "
"firm"," GESELLSCHAFT MIT BESCHRANKTER HAFT "
"firm"," GESELLSCHAFTMIT BESCHRANKTER "
"firm"," GESMBH "
"firm"," GES "
"firm"," GESSELLSCHAFT MIT BESCHRAENKTER HAUFTUNG "
"firm"," GIE "
"firm"," GMBA "
"firm"," GMBB "
"firm"," GMBG "
"firm"," GMBH "
"firm"," GMHB "
"firm"," GNBH "
"firm"," GORPORATION "
"firm"," GROEP "
"firm"," GROUP "
"firm"," GROUPEMENT D ENTREPRISES "
"firm"," H "
"firm"," HAFRUNG "
"firm"," HANDEL "
"firm"," HANDELABOLAGET "
"firm"," HANDELEND ONDER "
"firm"," HANDELORGANISATION "
"firm"," HANDELS "
"firm"," HANDELSBOLAG "
"firm"," HANDELSBOLAGET "
"firm"," HANDELSGESELLSCHAFT "
"firm"," HANDESBOLAG "
"firm"," HATFUNG "
"firm"," HB "
"firm"," HF "
"firm"," HOLDINGS "
"firm"," INC "
"firm"," INC: "
"firm"," INCOPORATED "
"firm"," INCORORATED "
"firm"," INCORPARATED "
"firm"," INCORPATED "
"firm"," INCORPORATE "
"firm"," INCORPORATED "
"firm"," INCORPORORATED "
"firm"," INCORPORTED "
"firm"," INCORPOTATED "
"firm"," INCORPRATED "
"firm"," INCORPRORATED "
"firm"," INCROPORATED "
"firm"," INDISTRIES "
"firm"," INDUSRTIES "
"firm"," INDUSTRI "
"firm"," INDUSTRIA "
"firm"," INDUSTRIAL "
"firm"," INDUSTRIAL COP "
"firm"," INDUSTRIALNA "
"firm"," INDUSTRIAS "
"firm"," INDUSTRIE "
"firm"," INDUSTRIES "
"firm"," INDUSTRIJA "
"firm"," INDUSTRIJSKO "
"firm"," INGENIEURBUERO "
"firm"," INGENIEURBURO "
"firm"," INGENIEURGESELLSCHAFT "
"firm"," INGENIEURSBUERO "
"firm"," INGENIEURSBUREAU "
"firm"," INGENIOERSBYRA "
"firm"," INGENJOERSFIRMA "
"firm"," INGENJOERSFIRMAN "
"firm"," INORPORATED "
"firm"," INT "
"firm"," INT L "
"firm"," INTERNAITONAL "
"firm"," INTERNATIONAL "
"firm"," INTERNATIONAL BUSINESS "
"firm"," INTERNATIONALE "
"firm"," INTERNATIONAUX "
"firm"," INTERNTIONAL "
"firm"," INTL "
"firm"," INUDSTRIE "
"firm"," INVESTMENT "
"firm"," IS "
"firm"," JOINTVENTURE "
"firm"," K G "
"firm"," K K "
"firm"," KABAUSHIKI KAISHA "
"firm"," KABISHIKI KAISHA "
"firm"," KABSUHIKI "
"firm"," KABUSHI KIKAISHA "
"firm"," KABUSHIBI KAISHA "
"firm"," KABUSHIKAISHA "
"firm"," KABUSHIKI "
"firm"," KABUSHIKKAISHA "
"firm"," KABUSHIKU KASISHA "
"firm"," KABUSHKIKI KAISHI "
"firm"," KABUSIKI "
"firm"," KABUSIKI KAISHA "
"firm"," KABUSIKI KAISYA "
"firm"," KABUSIKIKAISHA "
"firm"," KAGUSHIKI KAISHA "
"firm"," KAUSHIKI KAISHA "
"firm"," KAISHA "
"firm"," KAISYA "
"firm"," KABAUSHIKI GAISHA "
"firm"," KABISHIKI GAISHA "
"firm"," KABUSHI KIGAISHA "
"firm"," KABUSHIBI GAISHA "
"firm"," KABUSHIGAISHA "
"firm"," KABUSHIKGAISHA "
"firm"," KABUSHIKU GASISHA "
"firm"," KABUSHKIKI GAISHI "
"firm"," KABUSIKI GAISHA "
"firm"," KABUSIKI GAISYA "
"firm"," KABUSIKIGAISHA "
"firm"," KAGUSHIKI GAISHA "
"firm"," KAUSHIKI GAISHA "
"firm"," GAISHA "
"firm"," GAISYA "
"firm"," KB "
"firm"," KB KY "
"firm"," KFT "
"firm"," KG "
"firm"," KGAA "
"firm"," KK "
"firm"," KOM GES "
"firm"," KOMM GES "
"firm"," KOMMANDITBOLAG "
"firm"," KOMMANDITBOLAGET "
"firm"," KOMMANDITGESELLSCHAFT "
"firm"," KONSTRUKTIONEN "
"firm"," KOOPERATIVE "
"firm"," KS "
"firm"," KUBUSHIKI KAISHA "
"firm"," KY "
"firm"," L "
"firm"," L C "
"firm"," L L C "
"firm"," L P "
"firm"," LAB "
"firm"," LABARATOIRE "
"firm"," LABO "
"firm"," LABORATOIRE "
"firm"," LABORATOIRES "
"firm"," LABORATORI "
"firm"," LABORATORIA "
"firm"," LABORATORIE "
"firm"," LABORATORIES "
"firm"," LABORATORIET "
"firm"," LABORATORIUM "
"firm"," LABORATORY "
"firm"," LABRATIORIES "
"firm"," LABS "
"firm"," LC "
"firm"," LCC "
"firm"," LDA "
"firm"," LDT "
"firm"," LIIMITED "
"firm"," LIMIDADA "
"firm"," LIMINTED "
"firm"," LIMITADA "
"firm"," LIMITADO "
"firm"," LIMITATA "
"firm"," LIMITE "
"firm"," LIMITED "
"firm"," LIMITEE "
"firm"," LIMTED "
"firm"," LINITED "
"firm"," LITD "
"firm"," LLC "
"firm"," LLLC "
"firm"," LLLP "
"firm"," LLP "
"firm"," LMITED "
"firm"," LP "
"firm"," LT EE "
"firm"," LTA "
"firm"," LTC "
"firm"," LTD "
"firm"," LTD: "
"firm"," LTDA "
"firm"," LTDS "
"firm"," LTEE "
"firm"," LTEE; "
"firm"," LTS "
"firm"," MAATSCHAPPIJ "
"firm"," MANUFACTURE "
"firm"," MANUFACTURE D ARTICLES "
"firm"," MANUFACTURE DE "
"firm"," MANUFACTURING "
"firm"," MARKETING "
"firm"," MASCHINENBAU "
"firm"," MASCHINENFABRIK "
"firm"," MBH "
"firm"," MBH & CO "
"firm"," MERCHANDISING "
"firm"," MET BEPERKTE "
"firm"," MFG "
"firm"," N A "
"firm"," N V "
"firm"," NA "
"firm"," NAAMLOSE "
"firm"," NAAMLOZE "
"firm"," NAAMLOZE VENNOOTSCAP "
"firm"," NAAMLOZE VENNOOTSHCAP "
"firm"," NAAMLOZEVENNOOTSCHAP "
"firm"," NAUCHNO PRIOZVODSTVENNAYA FIRMA "
"firm"," NAUCHNO PRIOZVODSTVENNOE OBIEDINENIE "
"firm"," NAUCHNO PRIOZVODSTVENNY KOOPERATIV "
"firm"," NAUCHNO PROIZVODSTVENNOE "
"firm"," NAUCHNO PROIZVODSTVENNOE OBJEDINENIE "
"firm"," NAUCHNO TEKHNICHESKY KOOPERATIV "
"firm"," NAUCHNO TEKHNICHESKYKKOOPERATIV "
"firm"," NAUCHNO TEKHNOLOGICHESKOE "
"firm"," NAUCHNO TEKHNOLOGICHESKOEPREDPRIYATIE "
"firm"," NAUCHNOPRIOZVODSTVENNOE "
"firm"," NAUCHNOPROIZVODSTVENNOE "
"firm"," NAUCHNOTEKHNICHESKYKKOOPERATIV "
"firm"," NAUCHNOTEKNICHESKY "
"firm"," NV "
"firm"," NV SA "
"firm"," NV: "
"firm"," NVSA "
"firm"," OBIDINENIE "
"firm"," OBIED "
"firm"," OBSCHESRYO "
"firm"," OBSCHESTVO & OGRANICHENNOI OTVETSTVENNOSTJU "
"firm"," OBSCHESTVO & ORGANICHENNOI OTVETSTVENNOSTIJU "
"firm"," OBSCHESTVO C "
"firm"," OBSCHESTVO S "
"firm"," OBSCHESTVO S OGRANICHENNOI "
"firm"," OBSCHESTVO S OGRANICHENNOI OTVETSTVEN NOSTJU "
"firm"," OBSCHESTVO S OGRANICHENNOI OTVETSTVENNOSTIJU "
"firm"," OBSCHESTVO S OGRANICHENNOI OTVETSTVENNPSTJU "
"firm"," OBSCHESTVO S OGRANICHENNOY OTVETSTVENNOSTJU "
"firm"," OBSCHESTVO S OGRANICHENOI "
"firm"," OBSCHESTVO S ORGANICHENNOI OTVETSTVENNOSTIJU "
"firm"," OBSCHESTVO S ORGANICHENNOI OTVETSTVENNOSTJU "
"firm"," OBSHESTVO S "
"firm"," OBSHESTVO S OGRANNICHENNOJ "
"firm"," OBSHESTVO S ORGANICHENNOI OTVETSTVENNOSTIJU "
"firm"," OBSHESTVO S ORGANICHENNOI OTVETSTVENNOSTJU "
"firm"," OCTROOIBUREAU "
"firm"," OGRANICHENNOI OTVETSTVENNOSTIJU "
"firm"," OGRANICHENNOI OTVETSTVENNOSTIJU FIRMA "
"firm"," OGRANICHENNOI OTVETSTVENNOSTJU "
"firm"," OGRANICHENNOY OTVETSTVENNOSTYU "
"firm"," OHG "
"firm"," ONDERNEMING "
"firm"," OTVETCTVENNOSTJU "
"firm"," OTVETSTVENNOSTIJU "
"firm"," OTVETSTVENNOSTJU "
"firm"," OTVETSTVENNOSTOU "
"firm"," OTVETSTVENNOSTYU "
"firm"," OY "
"firm"," OYABLTD "
"firm"," OYG "
"firm"," OYI "
"firm"," OYJ "
"firm"," OYL "
"firm"," P "
"firm"," P C "
"firm"," P L C "
"firm"," PARNERSHIP "
"firm"," PARNTERSHIP "
"firm"," PARTNER "
"firm"," PARTNERS "
"firm"," PARTNERSHIP "
"firm"," PATENT OFFICE "
"firm"," PATENTVERWALTUNGS GESELLSCHAFT MBH "
"firm"," PATENTVERWALTUNGSGESELLSCHAFT "
"firm"," PATENTVERWERTUNGSGESELLSCHAFT "
"firm"," PATNERSHIP "
"firm"," PC "
"firm"," PER AZIONA "
"firm"," PERSONENVENNOOTSCHAP MET BE PERKTE AANSPRAKELIJKHEID "
"firm"," PHARM "
"firm"," PHARMACEUTICA "
"firm"," PHARMACEUTICAL "
"firm"," PHARMACEUTICALS "
"firm"," PHARMACEUTIQUE "
"firm"," PHARMACIA "
"firm"," PHARMACIE "
"firm"," PHARMACUETICALS "
"firm"," PLANTS "
"firm"," PLC "
"firm"," PREDPRIVATIE "
"firm"," PREDPRIYATIE "
"firm"," PREPRIVATIE "
"firm"," PRODUCE "
"firm"," PRODUCT "
"firm"," PRODUCTEURS "
"firm"," PRODUCTION "
"firm"," PRODUCTIONS "
"firm"," PRODUCTIQUE "
"firm"," PRODUCTS "
"firm"," PRODUITS "
"firm"," PRODUKTE "
"firm"," PRODUKTER "
"firm"," PRODUKTION "
"firm"," PRODUKTIONSGESELLSCHAFT "
"firm"," PRODUKTUTVECKLING "
"firm"," PRODURA "
"firm"," PRODUTIS "
"firm"," PROIZVODSTENNOE OBIEDINENIE "
"firm"," PROIZVODSTVENNOE "
"firm"," PROIZVODSTVENNOE OBIEDINENIE "
"firm"," PTY "
"firm"," PTY LIM "
"firm"," PTYLTD "
"firm"," PUBLISHING "
"firm"," PVBA "
"firm"," RECHERCHES "
"firm"," RESPONSABILITA LIMITATA "
"firm"," RESPONSABILITA LIMITATA "
"firm"," RESPONSABILITE LIMITE "
"firm"," RO "
"firm"," RT "
"firm"," S A "
"firm"," S A R L "
"firm"," S A RL "
"firm"," S COOP "
"firm"," S COOP LTDA "
"firm"," S NC "
"firm"," S OGRANICHENNOI OTVETSTVENNEST "
"firm"," S P A "
"firm"," S PA "
"firm"," S R L "
"firm"," S RL "
"firm"," S S "
"firm"," SA "
"firm"," SA A RL "
"firm"," SA RL "
"firm"," SA: "
"firm"," SAAG "
"firm"," SAARL "
"firm"," SALES "
"firm"," SANV "
"firm"," SARL "
"firm"," SARL: "
"firm"," SAS "
"firm"," SC "
"firm"," SCA "
"firm"," SCARL "
"firm"," SCIETE ANONYME "
"firm"," SCOOP "
"firm"," SCPA "
"firm"," SCRAS "
"firm"," SCRL "
"firm"," SEMPLICE "
"firm"," SERIVICES "
"firm"," SERVICE "
"firm"," SERVICES "
"firm"," SHOP "
"firm"," SIMPLIFIEE "
"firm"," SL "
"firm"," SNC "
"firm"," SOC "
"firm"," SOC ARL "
"firm"," SOC COOOP ARL "
"firm"," SOC COOP A RESP LIM "
"firm"," SOC COOP A RL "
"firm"," SOC COOP R L "
"firm"," SOC COOP RL "
"firm"," SOC IND COMM "
"firm"," SOC RL "
"firm"," SOCCOOP ARL "
"firm"," SOCCOOPARL "
"firm"," SOCIEDAD "
"firm"," SOCIEDAD ANONIMA "
"firm"," SOCIEDAD ANONIMYA "
"firm"," SOCIEDAD INDUSTRIAL "
"firm"," SOCIEDAD LIMITADA "
"firm"," SOCIEDADE LIMITADA "
"firm"," SOCIET CIVILE "
"firm"," SOCIETA "
"firm"," SOCIETA A "
"firm"," SOCIETA A RESPONSABILITA LIMITATA "
"firm"," SOCIETA ANONIMA "
"firm"," SOCIETA CONSORTILE "
"firm"," SOCIETA CONSORTILE A RESPONSABILITA "
"firm"," SOCIETA CONSORTILE ARL "
"firm"," SOCIETA CONSORTILE PER AZION "
"firm"," SOCIETA CONSORTILE PER AZIONI "
"firm"," SOCIETA COOPERATIVA "
"firm"," SOCIETA COOPERATIVA A "
"firm"," SOCIETA IN ACCOMANDITA "
"firm"," SOCIETA IN ACCOMANDITA SEMPLICE "
"firm"," SOCIETA IN NOME COLLETTIVO "
"firm"," SOCIETA INDUSTRIA "
"firm"," SOCIETA PER AXIONI "
"firm"," SOCIETA PER AZINOI "
"firm"," SOCIETA PER AZINONI "
"firm"," SOCIETA PER AZIONI "
"firm"," SOCIETA PER AZIONI: "
"firm"," SOCIETA PER L INDUSTRIA "
"firm"," SOCIETA PERAZIONI "
"firm"," SOCIETAPERAZIONI "
"firm"," SOCIETE "
"firm"," SOCIETE A "
"firm"," SOCIETE A RESPONSABILITE "
"firm"," SOCIETE A RESPONSABILITE DITE "
"firm"," SOCIETE A RESPONSABILITEE "
"firm"," SOCIETE ANANYME "
"firm"," SOCIETE ANNOYME "
"firm"," SOCIETE ANOMYME "
"firm"," SOCIETE ANOMYNE "
"firm"," SOCIETE ANONVME "
"firm"," SOCIETE ANONYM "
"firm"," SOCIETE ANONYME "
"firm"," SOCIETE ANOYME "
"firm"," SOCIETE CHIMIQUE "
"firm"," SOCIETE CIVILE "
"firm"," SOCIETE COOPERATIVE "
"firm"," SOCIETE D APPLICATIONS GENERALES "
"firm"," SOCIETE D APPLICATIONS MECANIQUES "
"firm"," SOCIETE D EQUIPEMENT "
"firm"," SOCIETE D ETUDE ET DE CONSTRUCTION "
"firm"," SOCIETE D ETUDE ET DE RECHERCHE EN VENTILATION "
"firm"," SOCIETE D ETUDES ET "
"firm"," SOCIETE D ETUDES TECHNIQUES ET D ENTREPRISES "
"firm"," SOCIETE DE "
"firm"," SOCIETE DE CONSEILS DE RECHERCHES ET D APPLICATIONS "
"firm"," SOCIETE DE CONSTRUCTIO "
"firm"," SOCIETE DE FABRICAITON "
"firm"," SOCIETE DE FABRICATION "
"firm"," SOCIETE DE PRODUCTION ET DE "
"firm"," SOCIETE DES TRANSPORTS "
"firm"," SOCIETE DITE "
"firm"," SOCIETE DITE : "
"firm"," SOCIETE DITE: "
"firm"," SOCIETE EN "
"firm"," SOCIETE EN COMMANDITE "
"firm"," SOCIETE EN COMMANDITE ENREGISTREE "
"firm"," SOCIETE EN NOM COLLECTIF "
"firm"," SOCIETE ETUDES ET "
"firm"," SOCIETE ETUDES ET DEVELOPPEMENTS "
"firm"," SOCIETE GENERALE POUR LES "
"firm"," SOCIETE GENERALE POUR LES TECHNIQUES NOVELLES "
"firm"," SOCIETE METALLURGIQUE "
"firm"," SOCIETE NOUVELLE "
"firm"," SOCIETE PAR ACTIONS "
"firm"," SOCIETE PAR ACTIONS SIMPLIFEE "
"firm"," SOCIETE PAR ACTIONS SIMPLIFIEE "
"firm"," SOCIETE TECHNIQUE D APPLICATION ET DE RECHERCHE "
"firm"," SOCIETE TECHNIQUE DE PULVERISATION "
"firm"," SOCIETEANONYME "
"firm"," SOCIETEDITE "
"firm"," SOCIETEINDUSTRIELLE "
"firm"," SOCRL "
"firm"," SOEHNE "
"firm"," SOGRANICHENNOI OTVETSTVENNOSTJU "
"firm"," SOHN "
"firm"," SOHNE "
"firm"," SONNER "
"firm"," SP "
"firm"," SP A "
"firm"," SP Z OO "
"firm"," SP ZOO "
"firm"," SPA "
"firm"," SPOKAZOO "
"firm"," SPOL "
"firm"," SPOL S R O "
"firm"," SPOL S RO "
"firm"," SPOL SRO "
"firm"," SPOLECNOST SRO "
"firm"," SPOLKA Z OO "
"firm"," SPOLKA ZOO "
"firm"," SPOLS RO "
"firm"," SPOLSRO "
"firm"," SPRL "
"firm"," SPZ OO "
"firm"," SPZOO "
"firm"," SR "
"firm"," SR L "
"firm"," SR1 "
"firm"," SRI "
"firm"," SRL "
"firm"," SRO "
"firm"," SßRL "
"firm"," SURL "
"firm"," TEAM "
"firm"," TECHNIQUES NOUVELLE "
"firm"," TECHNOLOGIES "
"firm"," THE FIRM "
"firm"," TOHO BUSINESS "
"firm"," TOVARISCHESIVO S OGRANICHENNOI OIVETSIVENNOSTIJU "
"firm"," TOVARISCHESTVO "
"firm"," TOVARISCHESTVO S OGRANICHENNOI "
"firm"," TOVARISCHESTVO S OGRANICHENNOI OTVETSTVENNOSTJU "
"firm"," TOVARISCHESTVO S OGRANICHENNOI OTVETSVENNOSTJU "
"firm"," TOVARISCHESTVO S ORGANICHENNOI OTVETSTVENNOSTJU "
"firm"," TOVARISCHETSTVO S ORGANICHENNOI "
"firm"," TRADING "
"firm"," TRADING AS "
"firm"," TRADING UNDER "
"firm"," UGINE "
"firm"," UNTERNEHMEN "
"firm"," USA "
"firm"," USINES "
"firm"," VAKMANSCHAP "
"firm"," VENNOOTSCHAP "
"firm"," VENNOOTSCHAP ONDER FIRMA: "
"firm"," VENNOOTSHAP "
"firm"," VENNOTSCHAP "
"firm"," VENOOTSCHAP "
"firm"," VENTURE "
"firm"," VERARBEITUNG "
"firm"," VERKOOP "
"firm"," VERSICHERUNGSBUERO "
"firm"," VERTRIEBSGESELLSCHAFT "
"firm"," VOF "
"firm"," WERK "
"firm"," WERKE "
"firm"," WERKEN "
"firm"," WERKHUIZEN "
"firm"," WERKS "
"firm"," WERKSTAETTE "
"firm"," WERKSTATT "
"firm"," WERKZEUGBAU "
"firm"," WINKEL "
"firm"," WORKS "
"firm"," YUGEN KAISHA "
"firm"," YUGENKAISHA "
"firm"," YUUGEN KAISHA "
"firm"," YUUGENKAISHA "
"firm"," ZOO "