", PTY, LTD.",""
" QLD PTY LTD.",""
" PTY, LIMITED",""
", PTE. LTD.",""
" PTE, LIMITED",""
" & C. S.P.A",""
" S-P.A.",""
" & C. S.R.L",""
" E C. S.R.L.",""
" S..R.L.",""
" NZ LIMITED",""
" HK LIMITED",""
" I.P. LIMITED",""
" CIE, S. A.",""
" S. P. A.",""
" U. CO. GMBH",""
" GESELLSCHAFT MIT BE- SCHRAENKTER HAFTUNG (GMBH)",""
" & COMPAGNIE",""
" Y CIA., S.A. (MSLAB & COMPANIA)",""
" CIA, S.A. (MSLAB COMPANIA)",""
" MFG. CY, S.A.",""
" CY, S.A.",""
" MANUFACTURIN CY, S.A.",""
" CY S.A.",""
", S,A.",""
" P. L. C.",""
" & C",""
" + CO AKTIENGESELL-SCHAFT",""
" + CO. AKTIENGESELL-SCHAFT",""
"CO.,AKTIENGESELL-SCHAFT",""
"A.G.AKTIENGESELL-SCHAFT",""
" AG AKTIENGESELLSCHAFT",""
"CIE.AKTIENGESELL-SCHAFT",""
" AKTIENGESELL-SCHAFT",""
" AKTIEN-GESELLSCHAFT",""
" EN CO. N.V.",""
" EN CO. NV",""
" N.A. N.V.",""
", A \SOCIETE ANONYME\",""
" S.A. SOICIETE ANONYME",""
", SOCIETEY ANONYME",""
"(SOCIET E ANONYME",""
" MFG. CO. A/S",""
" MFG CO. A/S",""
" CO. A/S",""
", PUBLIC LIMITED COM-PANY",""
" PUPLIC LIMITED COMPANY",""
" N.V. A DUTCH LIMITED COM-PANY",""
" U. CO.",""
" KOMMANDITGES. (GMBH +CO.)",""
" GBMH + CO.",""
" GES. M.B.H. & CO.",""
" GESELLSCHAFT M.B.H. U. CO. KG",""
" GESELLSCHAFT M.B.H U. CO. KG",""
" MBH U. CO. KG",""
" GMB& O CO. KG",""
" GES. M.B.H. &CO. KG.",""
" & GMBH & CO. KG",""
" GES. M.B.H. & CO. KG",""
" GNBH & CO. KG",""
" GES.M. B. H & CO. KG",""
" GNBH & CO. KG",""
" GES.M.H. & CO KG.",""
" GESELLSCHAFT M.B.H. &",""
" GMGH & CO., KG",""
" GBMH & CO. KG",""
" KG & CO. KG",""
" MFG., LLC",""
" MFG., L.L.C.",""
" MFG, LLC",""
" MFG, LLC.",""
" AKTIEBOLG (AB)",""
" AG & CO AG",""
" CIE. A.-G.",""
" AKTIENGESELLSCHAFT AG",""
" AKTIENGESELLSCHAFT, AG",""
" A.-G.",""
" A/G",""
", GES. M.B.H.",""
", GES, M.B.H",""
" GES. M.B.H.",""
" GES,, M.B.H.",""
" GES M.B.H.",""
" GES. M.B.H",""
" GES. MBH",""
" GES M.B.H",""
" YUEN KASHA",""
" KABUSK KASHA",""
" KABUSHKA KASHA",""
" KABUSH KASHA",""
" KUBUSHK KASHA",""
" KABSHK KASHA",""
" KABUSHK KASHA",""
" KABUSHK KASHA",""
" KABSHK KASHA",""
" KAUBSHK KASHA",""
" KASBUSHK KASHA",""
" KABUSHH KASHA",""
" KABUSKK KASHA",""
" KABSUHK KASHA",""
" KAUSHK KASHA",""
" KABUHSK KASHA",""
" KAUBUSHK KASHA",""
" KBUSHK KASHA",""
" KANUSHK KASHA",""
" KABUSHKK KASHA",""
" KASHA KASHA",""
" KABUSHHK KASHA",""
" KABUSK KASHA",""
" KABUSHK KASHA",""
" KABUSBK KASHA",""
" KABSHUK KASHA",""
" KABUSHKA KASHA",""
" KABUSHKO KASHA",""
" KABSUSHK KASHA",""
" YUUEN KASHA",""
" KABUHK KASHA",""
" KOYOKABUSHK KASHA",""
" KABUSHL KASHA",""
" KABUSHUKI KAISHA",""
" KAGUSHIKI KAISHA",""
" KABUSHISKI KAISHA",""
" KABUBSHIKI KAISHA",""
" KABUKSHIKI KAISHA",""
" KABURHIKI KAISHA",""
" KABUSAHIKI KAISHA",""
" KABUISHIKI KAISHA",""
" JABUSHIKI KAISHA",""
" AKBUSHIKI KAISHA",""
" BABUSHIKI KAISHA",""
" BUSHIKI KAISHA",""
" DABUSHIKI KAISHA",""
" DENKIKABUSHIKI KAISHA",""
" FABUSHIKI KAISHA",""
" KABHUSHIKI KAISHA",""
" HATSUDOKIKABUSHIKI KAISHA",""
" KABSUBSHIKI KAISHA",""
" JIDOSHAKABUSHIKI KAISHA",""
" JUKOGYOKABUSHIKI KAISHA",""
" KABAHIKI KAISHA",""
" KABASHIKA KAISHA",""
" KABASIKI KAISHA",""
" KABBUSHIKI KAISHA",""
" KABHSHIKI KAISHA",""
" KABISHA KAISHA",""
" KABUSHIKIKI KAISHA",""
" KAKUSHIKI KAISHA",""
" KATUSHIKI KAISHA",""
" KEBUSHIKI KAISHA",""
" KEBUSKIKI KAISHA",""
" KAIBUSHIKI KAISHA",""
" KOGYOOKABUSHIKI KAISHA",""
" KAIBSHIKI KAISHA",""
" LABUSHIKI KAISHA",""
" SHOKUHINKABUSHIKI KAISHA",""
" KOGYOLKABUSHIKI KAISHA",""
" KABUSHISHI KAISHA",""
" KABUSHIHIKI KAISHA",""
" KABUSHIIKI KAISHA",""
" KABUSHIKE KAISHA",""
" KABUSHIKHI KAISHA",""
" KABUSHIKII KAISHA",""
" KABUSHIKIK KAISHA",""
" KABUSHIKU KAISHA",""
" KABUSHIMI KAISHA",""
" KAISHUSHIKI KAISHA",""
" KABUSHINKI KAISHA",""
" KABUSHIBI KAISHA",""
" KABUSHKIKI KAISHA",""
" KABUSHUSHIKI KAISHA",""
" KABUSIHI KAISHA",""
" KABUSSHIKI KAISHA",""
" KABUSYIKI KAISHA",""
" KABUUSHIKI KAISHA",""
" KABYSHIKI KAISHA",""
" KAHUSHIKI KAISHA",""
" KABUSHINI KAISHA",""